{"cameraMode":{"drawMode":0,"name":"Shaded","section":"Shading Mode"},"sceneLighting":false,"audioPlay":false,"sceneViewState":{"showFog":true,"showMaterialUpdate":false,"showSkybox":true,"showFlares":true,"showImageEffects":true,"showParticleSystems":true},"in2DMode":false,"pivot":{"x":65.22090148925781,"y":4.160800933837891,"z":174.76402282714845},"rotation":{"x":-0.20332588255405427,"y":0.50484699010849,"z":-0.1237105056643486,"w":-0.8297492861747742},"size":43.019161224365237,"orthographic":false}