{"cameraMode":{"drawMode":0,"name":"Shaded","section":"Shading Mode"},"sceneLighting":false,"audioPlay":false,"sceneViewState":{"showFog":true,"showMaterialUpdate":false,"showSkybox":true,"showFlares":true,"showImageEffects":true,"showParticleSystems":true},"in2DMode":false,"pivot":{"x":-14.143996238708496,"y":30.078105926513673,"z":-48.71278381347656},"rotation":{"x":-0.22716668248176576,"y":0.41237872838974,"z":-0.10697272419929505,"w":-0.8757259845733643},"size":15.145743370056153,"orthographic":false}