{"cameraMode":{"drawMode":0,"name":"Shaded","section":"Shading Mode"},"sceneLighting":false,"audioPlay":false,"sceneViewState":{"showFog":true,"showMaterialUpdate":false,"showSkybox":true,"showFlares":true,"showImageEffects":true,"showParticleSystems":true},"in2DMode":false,"pivot":{"x":-0.0072224996984004978,"y":0.3349204957485199,"z":-0.11284199357032776},"rotation":{"x":-0.20332588255405427,"y":0.50484699010849,"z":-0.1237105056643486,"w":-0.8297492861747742},"size":0.19604241847991944,"orthographic":false}